{"stats":{"minecraft:killed":{"minecraft:pig":3,"minecraft:sheep":4,"minecraft:skeleton":1,"minecraft:zombie":1},"minecraft:crafted":{"minecraft:oak_planks":48,"minecraft:stone_shovel":1,"minecraft:oak_sign":3,"minecraft:cooked_porkchop":11,"minecraft:crafting_table":1,"minecraft:wooden_pickaxe":1,"minecraft:furnace":1,"minecraft:cobblestone_stairs":32,"minecraft:stone_axe":1,"minecraft:cooked_mutton":3,"minecraft:air":0,"minecraft:charcoal":1,"minecraft:stick":20,"minecraft:stone_pickaxe":2,"minecraft:wooden_axe":1,"minecraft:stone_sword":1,"minecraft:chest":1,"minecraft:acacia_planks":32,"minecraft:torch":12},"minecraft:picked_up":{"minecraft:crafting_table":4,"minecraft:lilac":4,"minecraft:oak_log":12,"minecraft:dirt":35,"minecraft:raw_copper":7,"minecraft:cooked_mutton":2,"minecraft:bone":2,"minecraft:acacia_planks":11,"minecraft:wheat_seeds":1,"minecraft:furnace":3,"minecraft:torch":2,"minecraft:acacia_log":9,"minecraft:dandelion":1,"minecraft:gravel":1,"minecraft:porkchop":6,"minecraft:diorite":12,"minecraft:arrow":2,"minecraft:mutton":6,"minecraft:coal":20,"minecraft:white_wool":4,"minecraft:cobblestone":129},"minecraft:mined":{"minecraft:acacia_leaves":6,"minecraft:dandelion":1,"minecraft:crafting_table":4,"minecraft:acacia_log":10,"minecraft:grass_block":18,"minecraft:copper_ore":3,"minecraft:tall_grass":3,"minecraft:cobblestone":2,"minecraft:diorite":16,"minecraft:wall_torch":1,"minecraft:furnace":3,"minecraft:lilac":4,"minecraft:grass":20,"minecraft:oak_log":12,"minecraft:coal_ore":20,"minecraft:gravel":1,"minecraft:dirt":32,"minecraft:stone":136,"minecraft:oak_leaves":1},"minecraft:killed_by":{"minecraft:zombie":1},"minecraft:broken":{"minecraft:stone_pickaxe":1},"minecraft:custom":{"minecraft:interact_with_furnace":29,"minecraft:mob_kills":9,"minecraft:interact_with_crafting_table":21,"minecraft:leave_game":3,"minecraft:time_since_death":42828,"minecraft:time_since_rest":77218,"minecraft:sprint_one_cm":66351,"minecraft:damage_taken":809,"minecraft:walk_one_cm":75911,"minecraft:damage_dealt":1363,"minecraft:swim_one_cm":11436,"minecraft:talked_to_villager":2,"minecraft:fly_one_cm":43064,"minecraft:open_chest":8,"minecraft:crouch_one_cm":182,"minecraft:play_time":119551,"minecraft:deaths":3,"minecraft:sneak_time":75,"minecraft:jump":502,"minecraft:total_world_time":119551,"minecraft:fall_one_cm":12649,"minecraft:horse_one_cm":1760},"minecraft:used":{"minecraft:cooked_mutton":2,"minecraft:stone_sword":1,"minecraft:cobblestone_stairs":17,"minecraft:stone_shovel":17,"minecraft:stone_pickaxe":170,"minecraft:oak_planks":2,"minecraft:oak_sign":1,"minecraft:chest":1,"minecraft:wooden_pickaxe":14,"minecraft:torch":5,"minecraft:dirt":27,"minecraft:crafting_table":5,"minecraft:wooden_axe":16,"minecraft:gravel":1,"minecraft:stone_axe":37,"minecraft:cobblestone":9,"minecraft:furnace":4,"minecraft:cooked_porkchop":4}},"DataVersion":3465}