{"stats":{"minecraft:used":{"minecraft:wooden_axe":7,"minecraft:dirt":5,"minecraft:crafting_table":1},"minecraft:mined":{"minecraft:grass":11,"minecraft:acacia_log":9,"minecraft:grass_block":6,"minecraft:acacia_leaves":5,"minecraft:crafting_table":1},"minecraft:crafted":{"minecraft:acacia_planks":32,"minecraft:crafting_table":1,"minecraft:stick":4,"minecraft:wooden_axe":1},"minecraft:killed":{"minecraft:sheep":1},"minecraft:picked_up":{"minecraft:crafting_table":1,"minecraft:acacia_log":8,"minecraft:mutton":1,"minecraft:white_wool":1,"minecraft:dirt":6},"minecraft:killed_by":{"minecraft:zombie":1},"minecraft:custom":{"minecraft:time_since_rest":39870,"minecraft:sprint_one_cm":12911,"minecraft:play_time":82203,"minecraft:deaths":3,"minecraft:damage_taken":390,"minecraft:walk_one_cm":10508,"minecraft:sneak_time":17,"minecraft:mob_kills":1,"minecraft:jump":144,"minecraft:damage_dealt":127,"minecraft:leave_game":1,"minecraft:time_since_death":5480,"minecraft:total_world_time":82203,"minecraft:swim_one_cm":11436,"minecraft:interact_with_crafting_table":1,"minecraft:fall_one_cm":4716,"minecraft:fly_one_cm":14210}},"DataVersion":3465}