{"stats":{"minecraft:crafted":{"minecraft:cooked_porkchop":3,"minecraft:crafting_table":1,"minecraft:stick":12,"minecraft:wooden_pickaxe":1,"minecraft:stone_pickaxe":1,"minecraft:wooden_axe":1,"minecraft:furnace":1,"minecraft:acacia_planks":32,"minecraft:stone_axe":1,"minecraft:air":0,"minecraft:cooked_mutton":1},"minecraft:killed":{"minecraft:sheep":4,"minecraft:skeleton":1,"minecraft:zombie":1,"minecraft:pig":3},"minecraft:picked_up":{"minecraft:crafting_table":4,"minecraft:lilac":3,"minecraft:dandelion":1,"minecraft:acacia_log":9,"minecraft:gravel":1,"minecraft:porkchop":6,"minecraft:oak_log":6,"minecraft:dirt":28,"minecraft:bone":2,"minecraft:arrow":2,"minecraft:wheat_seeds":1,"minecraft:mutton":6,"minecraft:white_wool":4,"minecraft:cobblestone":29,"minecraft:furnace":2},"minecraft:mined":{"minecraft:acacia_leaves":6,"minecraft:furnace":2,"minecraft:lilac":3,"minecraft:dandelion":1,"minecraft:crafting_table":4,"minecraft:grass":18,"minecraft:acacia_log":10,"minecraft:oak_log":6,"minecraft:grass_block":16,"minecraft:gravel":1,"minecraft:dirt":16,"minecraft:tall_grass":3,"minecraft:cobblestone":2,"minecraft:stone":27,"minecraft:oak_leaves":1},"minecraft:killed_by":{"minecraft:zombie":1},"minecraft:custom":{"minecraft:time_since_rest":65218,"minecraft:interact_with_furnace":11,"minecraft:sprint_one_cm":42428,"minecraft:damage_taken":809,"minecraft:walk_one_cm":55795,"minecraft:mob_kills":9,"minecraft:damage_dealt":1313,"minecraft:swim_one_cm":11436,"minecraft:interact_with_crafting_table":8,"minecraft:talked_to_villager":2,"minecraft:fly_one_cm":37057,"minecraft:crouch_one_cm":85,"minecraft:play_time":107551,"minecraft:deaths":3,"minecraft:sneak_time":30,"minecraft:jump":412,"minecraft:leave_game":3,"minecraft:time_since_death":30828,"minecraft:total_world_time":107551,"minecraft:fall_one_cm":11693,"minecraft:horse_one_cm":1760},"minecraft:used":{"minecraft:cooked_mutton":1,"minecraft:wooden_axe":16,"minecraft:stone_pickaxe":20,"minecraft:wooden_pickaxe":14,"minecraft:gravel":1,"minecraft:stone_axe":31,"minecraft:dirt":27,"minecraft:cobblestone":6,"minecraft:crafting_table":4,"minecraft:furnace":3,"minecraft:cooked_porkchop":3}},"DataVersion":3465}