{"stats":{"minecraft:killed":{"minecraft:pig":3,"minecraft:sheep":6,"minecraft:skeleton":1,"minecraft:zombie":3,"minecraft:bee":1},"minecraft:crafted":{"minecraft:oak_planks":48,"minecraft:stone_shovel":1,"minecraft:oak_sign":3,"minecraft:cooked_porkchop":11,"minecraft:crafting_table":1,"minecraft:wooden_pickaxe":1,"minecraft:furnace":1,"minecraft:stone":9,"minecraft:cobblestone_stairs":32,"minecraft:stone_axe":1,"minecraft:cooked_mutton":3,"minecraft:air":0,"minecraft:charcoal":1,"minecraft:stick":20,"minecraft:stone_pickaxe":3,"minecraft:wooden_axe":1,"minecraft:stone_sword":1,"minecraft:chest":1,"minecraft:acacia_planks":32,"minecraft:torch":12},"minecraft:dropped":{"minecraft:stone_pickaxe":1},"minecraft:picked_up":{"minecraft:birch_log":2,"minecraft:crafting_table":5,"minecraft:lilac":4,"minecraft:cut_sandstone":2,"minecraft:oak_log":18,"minecraft:cobblestone_stairs":3,"minecraft:dirt":48,"minecraft:raw_copper":7,"minecraft:acacia_door":3,"minecraft:cooked_mutton":2,"minecraft:bone":2,"minecraft:acacia_planks":11,"minecraft:wheat_seeds":3,"minecraft:stone_pickaxe":1,"minecraft:sugar_cane":7,"minecraft:furnace":3,"minecraft:stone":13,"minecraft:torch":4,"minecraft:acacia_log":9,"minecraft:dandelion":1,"minecraft:gravel":1,"minecraft:porkchop":6,"minecraft:diorite":16,"minecraft:chiseled_sandstone":6,"minecraft:arrow":2,"minecraft:rotten_flesh":20,"minecraft:mutton":9,"minecraft:coal":20,"minecraft:white_wool":6,"minecraft:cobblestone":238},"minecraft:mined":{"minecraft:acacia_leaves":6,"minecraft:cobblestone_stairs":3,"minecraft:dandelion":1,"minecraft:crafting_table":5,"minecraft:acacia_log":10,"minecraft:grass_block":22,"minecraft:copper_ore":3,"minecraft:tall_grass":3,"minecraft:cobblestone":7,"minecraft:sugar_cane":7,"minecraft:diorite":16,"minecraft:wall_torch":2,"minecraft:furnace":3,"minecraft:birch_log":2,"minecraft:lilac":4,"minecraft:grass":21,"minecraft:oak_log":18,"minecraft:coal_ore":20,"minecraft:acacia_door":3,"minecraft:gravel":1,"minecraft:dirt":41,"minecraft:stone":229,"minecraft:oak_leaves":1},"minecraft:killed_by":{"minecraft:zombie":1},"minecraft:broken":{"minecraft:stone_pickaxe":2},"minecraft:custom":{"minecraft:interact_with_furnace":31,"minecraft:mob_kills":14,"minecraft:interact_with_crafting_table":23,"minecraft:leave_game":3,"minecraft:time_since_death":54828,"minecraft:time_since_rest":89218,"minecraft:sprint_one_cm":103455,"minecraft:damage_taken":1082,"minecraft:walk_one_cm":102692,"minecraft:drop":1,"minecraft:damage_dealt":2605,"minecraft:swim_one_cm":11436,"minecraft:talked_to_villager":2,"minecraft:fly_one_cm":50703,"minecraft:open_chest":8,"minecraft:crouch_one_cm":435,"minecraft:play_time":131551,"minecraft:deaths":3,"minecraft:sneak_time":121,"minecraft:jump":606,"minecraft:walk_on_water_one_cm":1759,"minecraft:total_world_time":131551,"minecraft:fall_one_cm":14236,"minecraft:horse_one_cm":1760},"minecraft:used":{"minecraft:cooked_mutton":2,"minecraft:stone_sword":29,"minecraft:cobblestone_stairs":34,"minecraft:stone_shovel":31,"minecraft:stone_pickaxe":271,"minecraft:oak_planks":2,"minecraft:oak_sign":1,"minecraft:chest":1,"minecraft:wooden_pickaxe":14,"minecraft:torch":16,"minecraft:dirt":27,"minecraft:crafting_table":6,"minecraft:wooden_axe":16,"minecraft:acacia_door":1,"minecraft:gravel":1,"minecraft:stone_axe":49,"minecraft:cobblestone":57,"minecraft:furnace":4,"minecraft:cooked_porkchop":7}},"DataVersion":3465}