{"stats":{"minecraft:killed":{"minecraft:sheep":3,"minecraft:skeleton":1,"minecraft:zombie":1,"minecraft:pig":2},"minecraft:killed_by":{"minecraft:zombie":1},"minecraft:picked_up":{"minecraft:crafting_table":4,"minecraft:lilac":3,"minecraft:acacia_log":8,"minecraft:gravel":1,"minecraft:porkchop":3,"minecraft:dirt":23,"minecraft:bone":2,"minecraft:arrow":2,"minecraft:wheat_seeds":1,"minecraft:mutton":4,"minecraft:white_wool":3,"minecraft:cobblestone":29,"minecraft:furnace":2},"minecraft:used":{"minecraft:cooked_mutton":1,"minecraft:wooden_axe":16,"minecraft:stone_pickaxe":20,"minecraft:wooden_pickaxe":14,"minecraft:stone_axe":14,"minecraft:dirt":20,"minecraft:cobblestone":6,"minecraft:crafting_table":4,"minecraft:furnace":2,"minecraft:cooked_porkchop":2},"minecraft:custom":{"minecraft:time_since_rest":60706,"minecraft:interact_with_furnace":10,"minecraft:sprint_one_cm":29431,"minecraft:damage_taken":605,"minecraft:walk_one_cm":38352,"minecraft:mob_kills":7,"minecraft:damage_dealt":906,"minecraft:swim_one_cm":11436,"minecraft:interact_with_crafting_table":8,"minecraft:talked_to_villager":2,"minecraft:fly_one_cm":26042,"minecraft:play_time":103039,"minecraft:deaths":3,"minecraft:sneak_time":19,"minecraft:jump":307,"minecraft:leave_game":3,"minecraft:time_since_death":26316,"minecraft:total_world_time":103039,"minecraft:fall_one_cm":8292},"minecraft:crafted":{"minecraft:cooked_porkchop":3,"minecraft:crafting_table":1,"minecraft:stick":12,"minecraft:wooden_pickaxe":1,"minecraft:stone_pickaxe":1,"minecraft:wooden_axe":1,"minecraft:furnace":1,"minecraft:acacia_planks":32,"minecraft:stone_axe":1,"minecraft:air":0,"minecraft:cooked_mutton":1},"minecraft:mined":{"minecraft:acacia_leaves":5,"minecraft:furnace":2,"minecraft:lilac":3,"minecraft:crafting_table":4,"minecraft:grass":16,"minecraft:acacia_log":9,"minecraft:grass_block":14,"minecraft:gravel":1,"minecraft:dirt":14,"minecraft:tall_grass":3,"minecraft:cobblestone":2,"minecraft:stone":27}},"DataVersion":3465}