{"stats":{"minecraft:killed":{"minecraft:pig":3,"minecraft:sheep":6,"minecraft:skeleton":1,"minecraft:zombie":3,"minecraft:bee":1},"minecraft:crafted":{"minecraft:oak_planks":48,"minecraft:stone_shovel":1,"minecraft:oak_sign":3,"minecraft:cooked_porkchop":11,"minecraft:crafting_table":1,"minecraft:wooden_pickaxe":1,"minecraft:furnace":1,"minecraft:stone":9,"minecraft:cobblestone_stairs":32,"minecraft:stone_axe":1,"minecraft:cooked_mutton":3,"minecraft:air":0,"minecraft:charcoal":1,"minecraft:stick":20,"minecraft:stone_pickaxe":3,"minecraft:wooden_axe":1,"minecraft:stone_sword":1,"minecraft:chest":1,"minecraft:acacia_planks":32,"minecraft:torch":12},"minecraft:dropped":{"minecraft:diamond_hoe":1,"minecraft:rotten_flesh":20,"minecraft:stone_pickaxe":1},"minecraft:picked_up":{"minecraft:birch_log":2,"minecraft:crafting_table":5,"minecraft:lilac":7,"minecraft:cut_sandstone":2,"minecraft:oak_log":23,"minecraft:cobblestone_stairs":3,"minecraft:dirt":61,"minecraft:raw_copper":7,"minecraft:acacia_door":5,"minecraft:cooked_mutton":5,"minecraft:bone":2,"minecraft:acacia_planks":11,"minecraft:wheat_seeds":4,"minecraft:stone_pickaxe":1,"minecraft:sugar_cane":7,"minecraft:chest":1,"minecraft:furnace":4,"minecraft:stick":1,"minecraft:stone":13,"minecraft:cooked_porkchop":1,"minecraft:torch":4,"minecraft:acacia_log":9,"minecraft:dandelion":2,"minecraft:gravel":1,"minecraft:porkchop":6,"minecraft:diorite":16,"minecraft:chiseled_sandstone":6,"minecraft:arrow":2,"minecraft:rotten_flesh":23,"minecraft:mutton":9,"minecraft:coal":41,"minecraft:white_wool":10,"minecraft:cobblestone":239},"minecraft:mined":{"minecraft:acacia_leaves":6,"minecraft:cobblestone_stairs":3,"minecraft:dandelion":1,"minecraft:crafting_table":5,"minecraft:acacia_log":10,"minecraft:grass_block":29,"minecraft:chest":1,"minecraft:copper_ore":3,"minecraft:tall_grass":3,"minecraft:cobblestone":9,"minecraft:sugar_cane":7,"minecraft:diorite":16,"minecraft:wall_torch":2,"minecraft:furnace":3,"minecraft:birch_log":2,"minecraft:lilac":4,"minecraft:grass":22,"minecraft:oak_log":23,"minecraft:coal_ore":20,"minecraft:acacia_door":5,"minecraft:gravel":1,"minecraft:dirt":44,"minecraft:stone":229,"minecraft:oak_leaves":1},"minecraft:killed_by":{"minecraft:zombie":1},"minecraft:broken":{"minecraft:stone_pickaxe":2},"minecraft:custom":{"minecraft:interact_with_furnace":31,"minecraft:mob_kills":14,"minecraft:interact_with_crafting_table":23,"minecraft:leave_game":4,"minecraft:time_since_death":63230,"minecraft:time_since_rest":97620,"minecraft:sprint_one_cm":114224,"minecraft:damage_taken":1142,"minecraft:walk_one_cm":111229,"minecraft:drop":3,"minecraft:damage_dealt":2625,"minecraft:swim_one_cm":11436,"minecraft:talked_to_villager":2,"minecraft:fly_one_cm":54401,"minecraft:open_chest":8,"minecraft:crouch_one_cm":435,"minecraft:play_time":139953,"minecraft:deaths":3,"minecraft:sneak_time":125,"minecraft:jump":648,"minecraft:walk_on_water_one_cm":1759,"minecraft:total_world_time":139953,"minecraft:fall_one_cm":14923,"minecraft:horse_one_cm":1760},"minecraft:used":{"minecraft:cooked_mutton":2,"minecraft:stone_sword":30,"minecraft:cobblestone_stairs":34,"minecraft:stone_shovel":41,"minecraft:stone_pickaxe":273,"minecraft:oak_planks":2,"minecraft:oak_sign":3,"minecraft:chest":1,"minecraft:wooden_pickaxe":14,"minecraft:torch":16,"minecraft:dirt":27,"minecraft:crafting_table":6,"minecraft:wooden_axe":16,"minecraft:acacia_door":3,"minecraft:gravel":1,"minecraft:stone_axe":57,"minecraft:cobblestone":88,"minecraft:furnace":4,"minecraft:cooked_porkchop":8}},"DataVersion":3465}