{"stats":{"minecraft:killed":{"minecraft:pig":3,"minecraft:phantom":1,"minecraft:sheep":3,"minecraft:zombie":2,"minecraft:drowned":1},"minecraft:crafted":{"minecraft:oak_planks":24,"minecraft:stone_shovel":1,"minecraft:crafting_table":2,"minecraft:wooden_pickaxe":1,"minecraft:stone":13,"minecraft:stone_axe":1,"minecraft:cooked_mutton":7,"minecraft:air":0,"minecraft:stick":24,"minecraft:stone_pickaxe":1,"minecraft:wooden_axe":1,"minecraft:stone_sword":1,"minecraft:acacia_door":3,"minecraft:acacia_planks":64},"minecraft:dropped":{"minecraft:rotten_flesh":18,"minecraft:light_gray_wool":1,"minecraft:cooked_mutton":2,"minecraft:dirt":1,"minecraft:stone":13,"minecraft:diorite":1,"minecraft:wooden_axe":1,"minecraft:cut_sandstone":2,"minecraft:oak_sapling":1,"minecraft:wooden_pickaxe":1,"minecraft:chiseled_sandstone":6},"minecraft:picked_up":{"minecraft:crafting_table":2,"minecraft:lilac":1,"minecraft:cut_sandstone":2,"minecraft:oak_log":6,"minecraft:dirt":26,"minecraft:bone":4,"minecraft:wheat_seeds":1,"minecraft:light_gray_wool":1,"minecraft:sugar_cane":7,"minecraft:diamond_hoe":1,"minecraft:acacia_log":18,"minecraft:porkchop":5,"minecraft:diorite":1,"minecraft:chiseled_sandstone":6,"minecraft:arrow":4,"minecraft:rotten_flesh":38,"minecraft:oak_sapling":1,"minecraft:mutton":4,"minecraft:white_wool":2,"minecraft:cobblestone":43},"minecraft:mined":{"minecraft:cut_sandstone":2,"minecraft:crafting_table":2,"minecraft:acacia_log":18,"minecraft:tall_grass":1,"minecraft:cobblestone":1,"minecraft:sugar_cane":2,"minecraft:diorite":1,"minecraft:furnace":1,"minecraft:chiseled_sandstone":6,"minecraft:lilac":1,"minecraft:grass":13,"minecraft:oak_log":6,"minecraft:dirt":38,"minecraft:stone":43,"minecraft:oak_leaves":4},"minecraft:custom":{"minecraft:interact_with_furnace":8,"minecraft:mob_kills":10,"minecraft:interact_with_crafting_table":9,"minecraft:leave_game":2,"minecraft:time_since_death":33373,"minecraft:time_since_rest":33373,"minecraft:sprint_one_cm":58326,"minecraft:damage_taken":501,"minecraft:walk_one_cm":85100,"minecraft:drop":12,"minecraft:damage_dealt":2818,"minecraft:swim_one_cm":47507,"minecraft:fly_one_cm":114093,"minecraft:open_chest":2,"minecraft:crouch_one_cm":120,"minecraft:play_time":33373,"minecraft:sneak_time":1336,"minecraft:walk_under_water_one_cm":15233,"minecraft:jump":533,"minecraft:walk_on_water_one_cm":12545,"minecraft:total_world_time":33373,"minecraft:fall_one_cm":13692,"minecraft:horse_one_cm":87},"minecraft:used":{"minecraft:cooked_mutton":5,"minecraft:stone_sword":57,"minecraft:acacia_log":2,"minecraft:stone_pickaxe":49,"minecraft:stone_shovel":36,"minecraft:wooden_pickaxe":6,"minecraft:sugar_cane":7,"minecraft:rotten_flesh":6,"minecraft:dirt":25,"minecraft:crafting_table":3,"minecraft:wooden_axe":8,"minecraft:acacia_door":3,"minecraft:lilac":1,"minecraft:stone_axe":22}},"DataVersion":3465}