{"stats":{"minecraft:crafted":{"minecraft:oak_planks":24,"minecraft:crafting_table":1,"minecraft:stick":24,"minecraft:wooden_pickaxe":1,"minecraft:stone_pickaxe":1,"minecraft:wooden_axe":1,"minecraft:stone_sword":1,"minecraft:acacia_planks":64,"minecraft:stone_axe":1,"minecraft:air":0,"minecraft:cooked_mutton":7},"minecraft:killed":{"minecraft:sheep":3,"minecraft:pig":3},"minecraft:dropped":{"minecraft:dirt":1,"minecraft:diorite":1,"minecraft:wooden_axe":1,"minecraft:oak_sapling":1,"minecraft:light_gray_wool":1,"minecraft:wooden_pickaxe":1,"minecraft:cooked_mutton":2},"minecraft:picked_up":{"minecraft:crafting_table":1,"minecraft:lilac":1,"minecraft:acacia_log":18,"minecraft:porkchop":5,"minecraft:oak_log":6,"minecraft:diorite":1,"minecraft:dirt":13,"minecraft:light_gray_wool":1,"minecraft:oak_sapling":1,"minecraft:sugar_cane":7,"minecraft:mutton":4,"minecraft:white_wool":2,"minecraft:cobblestone":41},"minecraft:mined":{"minecraft:lilac":1,"minecraft:crafting_table":1,"minecraft:grass":1,"minecraft:acacia_log":18,"minecraft:oak_log":6,"minecraft:dirt":2,"minecraft:tall_grass":1,"minecraft:stone":43,"minecraft:sugar_cane":2,"minecraft:diorite":1,"minecraft:oak_leaves":4},"minecraft:custom":{"minecraft:time_since_rest":13807,"minecraft:interact_with_furnace":4,"minecraft:sprint_one_cm":41165,"minecraft:damage_taken":120,"minecraft:walk_one_cm":37444,"minecraft:mob_kills":6,"minecraft:drop":8,"minecraft:damage_dealt":549,"minecraft:swim_one_cm":23596,"minecraft:interact_with_crafting_table":5,"minecraft:fly_one_cm":68936,"minecraft:open_chest":1,"minecraft:crouch_one_cm":116,"minecraft:play_time":13807,"minecraft:sneak_time":1264,"minecraft:walk_under_water_one_cm":5438,"minecraft:jump":272,"minecraft:walk_on_water_one_cm":1623,"minecraft:time_since_death":13807,"minecraft:total_world_time":13807,"minecraft:fall_one_cm":7573,"minecraft:horse_one_cm":87},"minecraft:used":{"minecraft:cooked_mutton":3,"minecraft:wooden_axe":8,"minecraft:stone_sword":13,"minecraft:acacia_log":2,"minecraft:stone_pickaxe":38,"minecraft:wooden_pickaxe":6,"minecraft:lilac":1,"minecraft:stone_axe":19,"minecraft:dirt":12,"minecraft:crafting_table":2}},"DataVersion":3465}