{"stats":{"minecraft:crafted":{"minecraft:crafting_table":1,"minecraft:stick":12,"minecraft:wooden_axe":1,"minecraft:acacia_planks":16},"minecraft:picked_up":{"minecraft:acacia_log":7},"minecraft:mined":{"minecraft:tall_grass":1,"minecraft:acacia_log":8},"minecraft:custom":{"minecraft:jump":33,"minecraft:time_since_rest":1807,"minecraft:damage_dealt":9,"minecraft:sprint_one_cm":6036,"minecraft:play_time":1807,"minecraft:damage_taken":20,"minecraft:time_since_death":1807,"minecraft:walk_one_cm":4581,"minecraft:total_world_time":1807,"minecraft:interact_with_crafting_table":1,"minecraft:fall_one_cm":1297,"minecraft:fly_one_cm":10175},"minecraft:used":{"minecraft:wooden_axe":4,"minecraft:crafting_table":1}},"DataVersion":3465}